{"cameraMode":{"drawMode":0,"name":"Shaded","section":"Shading Mode"},"sceneLighting":false,"audioPlay":false,"sceneViewState":{"m_AlwaysRefresh":false,"showFog":true,"showSkybox":true,"showFlares":true,"showImageEffects":true,"showParticleSystems":true,"showVisualEffectGraphs":true,"m_FxEnabled":true},"in2DMode":false,"pivot":{"x":362.0970153808594,"y":149.07427978515626,"z":15.919275283813477},"rotation":{"x":0.002999731106683612,"y":-0.013999542221426964,"z":0.00004193834320176393,"w":0.9999042749404907},"size":144.61715698242188,"orthographic":false}