{"cameraMode":{"drawMode":0,"name":"Shaded","section":"Shading Mode"},"sceneLighting":false,"audioPlay":false,"sceneViewState":{"m_AlwaysRefresh":false,"showFog":true,"showSkybox":false,"showFlares":true,"showImageEffects":true,"showParticleSystems":true,"showVisualEffectGraphs":true,"m_FxEnabled":true},"in2DMode":false,"pivot":{"x":-0.21665005385875703,"y":5.85356330871582,"z":-0.004296421073377132},"rotation":{"x":0.006988561246544123,"y":-0.056967753916978839,"z":0.0003987800737377256,"w":0.9983516931533814},"size":1.166595458984375,"orthographic":false}